	headline	url	date
0	"
Στα 11.629 τα νέα κρούσματα κορωνοϊού - 26 θάνατοι και 98 διασωληνωμένοι
"	https://www.protothema.gr/koronoios-live/article/1260920/koronoios-sta-11629-ta-nea-krousmata-26-thanatoi-kai-98-diasolinomenoi/	2022-07-03T15:37:00+03:00
1	"
Ισχυρή σύσταση από την Παγώνη: «Μην ξεχνάτε τις μάσκες, είχαμε 300 εισαγωγές σε ένα 24ωρο»
"	https://www.protothema.gr/koronoios-live/article/1260778/koronoios-pagoni-min-xehnate-tis-maskes-eihame-300-eisagoges-se-ena-24oro/	2022-07-02T18:41:00+03:00
2	"
Στα 15.839 τα νέα κρούσματα, 22 θάνατοι, 95 διασωληνωμένοι
"	https://www.protothema.gr/koronoios-live/article/1260738/koronoios-sta-15839-ta-nea-krousmata-22-thanatoi-95-diasolinomenoi/	2022-07-02T15:48:00+03:00
3	"
Το σοβαρό άσθμα δεν δείχνει να επιβαρύνει τη λοίμωξη Covid, σύμφωνα με ελληνική έρευνα
"	https://www.protothema.gr/koronoios-live/article/1260710/koronoios-to-sovaro-asthma-den-deihnei-na-epivarunei-ti-loimoxi-covid-sumfona-me-elliniki-ereuna/	2022-07-02T14:19:00+03:00
4	"
Στην  Ιταλία ο ενεργός αριθμός αναπαραγωγής (Rt) του νέου κορωνοϊού αυξήθηκε για 4η συναπτή εβδομάδα
"	https://www.protothema.gr/koronoios-live/article/1260609/italia-o-energos-arithmos-anaparagogis-rt-tou-neou-koronoiou-auxithike-gia-4i-sunapti-evdomada/	2022-07-02T05:57:40+03:00
5	"
Η Βόρεια Κορέα κατηγορεί για το ξέσπασμα της Covid «ξένους» και μπαλόνια από τη Νότια Κορέα 
"	https://www.protothema.gr/koronoios-live/article/1260603/voreia-korea-katigorei-gia-to-xespasma-tis-covid-xenous-kai-balonia-apo-ti-notia-korea/	2022-07-02T02:42:00+03:00
6	"
Στα 15.869 τα νέα κρούσματα, 14 θάνατοι, 95 διασωληνωμένοι
"	https://www.protothema.gr/koronoios-live/article/1260443/koronoios-15869-krousmata-14-thanatoi-95-diasolinomenoi/	2022-07-01T15:53:00+03:00
7	"
Στο «κόκκινο» ξανά το ιικό φορτίο των λυμάτων στη Θεσσαλονίκη
"	https://www.protothema.gr/koronoios-live/article/1260365/koronoios-thessaloniki-sto-kokkino-xana-to-iiko-fortio-ton-lumaton/	2022-07-01T12:55:00+03:00
8	"
«Καμπανάκι» από τέσσερις ειδικούς - Μέσα Ιουλίου η κορύφωση των κρουσμάτων, «πρέπει να πάρουμε μέτρα… χθες»
"	https://www.protothema.gr/koronoios-live/article/1260340/kabanaki-apo-eidikous-gia-tin-nea-exarsi-tou-koronoiou-mesa-iouliou-i-ko/	2022-07-01T11:58:00+03:00
9	"
Διήμερο υψηλού πυρετού προκαλούν οι υποπαραλλαγές 04 και 05, λέει η Παγώνη
"	https://www.protothema.gr/koronoios-live/article/1260237/pagoni-gia-koronoio-diimero-upsilou-puretou-prokaloun-oi-upoparallages-04-kai-05/	2022-07-01T08:35:00+03:00
10	"
«Καμπανάκι» από τον Παγκόσμιο Οργανισμό Υγείας για την Ευρώπη: Κοντά στα 500.000 τα ημερήσια κρούσματα
"	https://www.protothema.gr/koronoios-live/article/1260121/kabanaki-apo-ton-pagosmio-organismo-ugeias-gia-tin-europi-koda-sta-500000-ta-imerisia-krousmata/	2022-06-30T19:52:00+03:00
11	"
Θεοδωρίδου: Το εμβόλιο που θα καλύπτει όλες τις μεταλλάξεις θα αργήσει -  Να κάνουν την 4η δόση οι άνω των 60 με υποκείμενα νοσήματα
"	https://www.protothema.gr/koronoios-live/article/1260029/theodoridou-to-emvolio-pou-tha-kaluptei-oles-tis-metallaxeis-tha-argisei/	2022-06-30T18:01:00+03:00
12	"
Στα 15.498 τα νέα κρούσματα κορωνοϊού, 13 θάνατοι και 97 διασωληνωμένοι
"	https://www.protothema.gr/koronoios-live/article/1260018/koronoios-15498-krousmata-13-thanatoi-kai-97-diasolinomenoi/	2022-06-30T15:38:00+03:00
13	"
Εξαδάκτυλος για τέταρτη δόση εμβολίου: Η συμβουλή για τις ηλικίες 30 ως 60 πρέπει να είναι ατομική
"	https://www.protothema.gr/koronoios-live/article/1259973/exadaktulos-gia-tetarti-dosi-emvoliou-i-sumvouli-gia-tis-ilikies-30-os-60-prepei-na-einai-atomiki/	2022-06-30T13:42:00+03:00
14	"
Σε δύο με τρεις εβδομάδες η αποκλιμάκωση στα κρούσματα κορωνοϊού, λέει ο Πλεύρης
"	https://www.protothema.gr/koronoios-live/article/1259963/pleuris-se-duo-me-treis-evdomades-i-apoklimakosi-sta-krousmata-koronoiou/	2022-06-30T13:13:08+03:00
15	"
Ατσαλάκης: Πιθανή μια νέα παραλλαγή του κορωνοϊού σε δύο με τρεις μήνες
"	https://www.protothema.gr/koronoios-live/article/1259901/atsalakis-pithani-mia-nea-parallagi-tou-koronoiou-se-duo-me-treis-mines/	2022-06-30T11:20:00+03:00
16	"
Τέλη Ιουλίου αναμένεται η κορύφωση του νέου κύματος κορωνοϊού στη Γαλλία
"	https://www.protothema.gr/koronoios-live/article/1259886/koronoios-gallia-teli-iouliou-anamenetai-i-korufosi-tou-neou-kumatos/	2022-06-30T10:53:00+03:00
17	"
Βρίσκει νέους τρόπους για να «ξεγλιστρήσει» από το αντιικό Paxlovid της Pfizer ο κορωνοϊός
"	https://www.protothema.gr/koronoios-live/article/1259878/koronoios-vriskei-neous-tropous-gia-na-xeglistrisei-apo-to-adiiko-paxlovid-tis-pfizer/	2022-06-30T10:31:48+03:00
18	"
Διευκρινίσεις για την τέταρτη δόση στην σημερινή έκτακτη ενημέρωση για τον εμβολιασμό
"	https://www.protothema.gr/koronoios-live/article/1259855/koronoios-ektakti-enimerosi-gia-ton-emvoliasmo-to-apogeuma/	2022-06-30T09:38:00+03:00
19	"
Να λάβουμε μέτρα πριν γίνει τσουνάμι το 6ο κύμα της πανδημίας, λέει ο Καπραβέλος
"	https://www.protothema.gr/koronoios-live/article/1259814/kapravelos-gia-koronoio-to-ekto-kuma-irthe-noritera-metra-prin-ginei-tsounami/	2022-06-30T08:21:00+03:00
20	"
Γάτα φτερνίστηκε στο πρόσωπο κτηνιάτρου και την κόλλησε Covid-19 - Είναι η πρώτη περίπτωση παγκοσμίως
"	https://www.protothema.gr/koronoios-live/article/1259812/koronoios-vrethike-i-proti-periptosi-gatas-pou-molune-anthropo/	2022-06-30T08:12:00+03:00
21	"
Στα 16.115 τα νέα κρούσματα, 9 θάνατοι, 95 οι διασωληνωμένοι
"	https://www.protothema.gr/koronoios-live/article/1259662/sta-16115-ta-nea-krousmata-9-thanatoi-95-oi-diasolinomenoi/	2022-06-29T17:58:00+03:00
22	"
Τεστ εμβολίων επόμενης γενιάς κατά μεγάλης ποικιλίας κορωνοϊών ξεκινούν Pfizer και BionTech
"	https://www.protothema.gr/koronoios-live/article/1259657/koronoios-pfizer-biontech-xekinoun-test-emvolion-epomenis-genias/	2022-06-29T17:46:33+03:00
23	"
Επιταχύνεται το 7ο κύμα κορωνοϊού στη Γαλλία  – Εκκλήσεις για επαναφορά της μάσκας στα μέσα μεταφοράς
"	https://www.protothema.gr/koronoios-live/article/1259596/koronoios-gallia-epitahunetai-to-7o-kuma-ekkliseis-gia-epanafora-tis-maskas-sta-mesa-metaforas/	2022-06-29T15:11:05+03:00
24	"
Στο νοσοκομείο μου είχαμε αύξηση των εισαγωγών 600% λόγω κορωνοϊού σε μια ημέρα, λέει ο Καπραβέλος
"	https://www.protothema.gr/koronoios-live/article/1259530/kapravelos-sto-nosokomeio-mou-eihame-auxisi-ton-eisagogon-600-logo-koronoiou-se-mia-imera/	2022-06-29T12:20:00+03:00
25	"
Χρειαζόμαστε πλέον καλύτερα εμβόλια κατά του κορωνοϊού, λέει ο Μόσιαλος
"	https://www.protothema.gr/koronoios-live/article/1259408/ilias-mosialos-stin-ellada-prepei-na-auxithoun-oi-emvoliasthedes-ano-ton-60-eton-me-tetarti-dosi/	2022-06-29T07:26:00+03:00
26	"
Σε επίπεδα Απριλίου έφτασαν ξανά τα κρούσματα κορωνοϊού - Αυξάνονται οι εισαγωγές στα νοσοκομεία
"	https://www.protothema.gr/koronoios-live/article/1259396/koronoios-se-epipeda-apriliou-eftasan-xana-ta-krousmata-auxanodai-oi-eisagoges-sta-nosokomeia/	2022-06-29T06:31:00+03:00
27	"
Οι ασθενείς ηλικίας 50-60 ετών είναι αυτοί που κινδυνεύουν περισσότερο από τη long Covid
"	https://www.protothema.gr/koronoios-live/article/1259263/koronoios-meleti-oi-astheneis-ilikias-50-60-eton-kinduneuoun-perissotero-apo-ti-long-covid/	2022-06-28T18:24:00+03:00
28	"
Η Κίνα μειώνει στο μισό την καραντίνα για τις αφίξεις από το εξωτερικό
"	https://www.protothema.gr/koronoios-live/article/1259230/kina-covid-19-meionetai-sto-miso-i-karadina-gia-tis-afixeis-apo-to-exoteriko/	2022-06-28T17:25:00+03:00
29	"
Την ανιούσα πήρε ξανά το ιικό φορτίο στα λύματα - Αύξηση 100% στη Θεσσαλονίκη και 66% στην Αττική
"	https://www.protothema.gr/koronoios-live/article/1259188/lumata-tin-aniousa-pire-xana-to-iiko-fortio-auxisi-100-sti-thessaloniki-kai-66-stin-attiki/	2022-06-28T15:54:00+03:00
30	"
Ξεκίνησε το 6ο πανδημικό κύμα της Covid στο Ισραήλ - Σε σοβαρή κατάσταση πολλοί ασθενείς, αυξάνονται οι θάνατοι
"	https://www.protothema.gr/koronoios-live/article/1259181/koronoios-israil-xekinise-to-6o-pandimiko-kuma-se-sovari-katastasi-polloi-astheneis-auxanodai-oi-thanatoi/	2022-06-28T15:40:32+03:00
31	"
Άλμα με 20.084 νέα κρούσματα κορωνοϊού - 16 νεκροί και 95 διασωληνωμένοι
"	https://www.protothema.gr/koronoios-live/article/1259180/koronoios-20084-krousmata-16-nekroi-kai-95-diasolinomenoi/	2022-06-28T15:38:00+03:00
32	"
Σήμερα συνεδριάζει η Επιτροπή Εμπειρογνωμόνων για την πανδημία
"	https://www.protothema.gr/koronoios-live/article/1259131/koronoios-simera-sunedriazei-telika-i-epitropi-ebeirognomonon-gia-tin-pandimia/	2022-06-28T13:18:00+03:00
33	"
Κίνδυνος για τη δημόσια υγεία η Long Covid: Το 30% θα έχει συμπτώματα που επιμένουν
"	https://www.protothema.gr/koronoios-live/article/1259120/long-covid-o-epomenos-megalos-kindunos-gia-ti-dimosia-ugeia/	2022-06-28T12:30:00+03:00
34	"
Τζανάκης: Θα φτάσουν 30.000 τα κρούσματα – Μετά τις 15 Ιουλίου η κορύφωση
"	https://www.protothema.gr/koronoios-live/article/1259013/tzanakis-tha-ftasoun-30000-ta-krousmata-meta-tis-15-iouliou-i-korufosi/	2022-06-28T08:52:00+03:00
35	"
Πάνω από 20.000 κρούσματα κορωνοϊού αναμένονται ημερησίως
"	https://www.protothema.gr/koronoios-live/article/1258984/koronoios-pano-apo-20000-krousmata-anamenodai-imerisios-se-duo-evdomades-korufonetai-to-neo-kuma-tis-pandimias/	2022-06-28T06:57:00+03:00
36	"
«Νέο μοντέλο η συνύπαρξη με τον κορωνοϊό με πιο στοχευμένα μέτρα» δηλώνει ο Πλεύρης
"	https://www.protothema.gr/koronoios-live/article/1258878/pleuris-neo-modelo-i-sunuparxi-me-ton-koronoio-me-pio-stoheumena-metra/	2022-06-27T19:38:00+03:00
37	"
Μαγιορκίνης: Αύριο Τρίτη περιμένουμε 20.000 κρούσματα - Πότε θα δούμε κορύφωση της έξαρσης
"	https://www.protothema.gr/koronoios-live/article/1258849/magiorkinis-aurio-triti-perimenoume-20000-krousmata-pote-tha-doume-korufosi-tis-exarsis/	2022-06-27T18:21:00+03:00
38	"
Στα 7.682 τα νέα κρούσματα κορωνοϊού – 12 νεκροί και 97 διασωληνωμένοι
"	https://www.protothema.gr/koronoios-live/article/1258781/koronoios-7682-nea-krousmata-12-nekroi-kai-97-diasolinomenoi/	2022-06-27T15:36:00+03:00
39	"
Εμβολιασμοί των 30 - 59 ετών: Πώς έφτασαν οι ειδικοί στην απόφαση για την 4η δόση
"	https://www.protothema.gr/koronoios-live/article/1258621/emvoliasmoi-ton-30-59-eton-pos-eftasan-oi-eidikoi-stin-apofasi-gia-tin-4i-dosi/	2022-06-27T14:40:00+03:00
40	"
Πλεύρης για κορωνοϊό: Ίσως ληφθούν ήπια μέτρα το φθινόπωρο - Δεν έχει νόημα τώρα
"	https://www.protothema.gr/koronoios-live/article/1258697/pleuris-gia-koronoio-isos-lifthoun-ipia-metra-to-fthinoporo-den-ehei-noima-tora/	2022-06-27T12:33:00+03:00
41	"
Άνοιξε η πλατφόρμα για τη τέταρτη δόση του εμβολίου για τον κορωνοϊό στους 30-59 ετών
"	https://www.protothema.gr/koronoios-live/article/1258564/koronoios-anoixe-i-platforma-gia-ti-tetarti-dosi-tou-emvoliou-stous-30-59-eton/	2022-06-27T09:33:55+03:00
42	"
Θα φτάσουμε τα 25.000 κρούσματα κορωνοϊού την ημέρα μέχρι τις 15 Ιουλίου, λέει ο Σαρηγιάννης
"	https://www.protothema.gr/koronoios-live/article/1258604/koronoios-tha-ftasoume-tis-25000-krousmata-tin-imera-mehri-tis-15-iouliou-leei-o-sarigiannis/	2022-06-27T09:21:00+03:00
43	"
Οι ασθενείς με κορωνοϊό κινδυνεύουν περισσότερο από νευροεκφυλιστικές παθήσεις, όπως Αλτσχάιμερ και Πάρκινσον
"	https://www.protothema.gr/koronoios-live/article/1258584/koronoios-oi-astheneis-kinduneuoun-perissotero-apo-neuroekfulistikes-pathiseis-opos-altshaimer-kai-parkinson/	2022-06-27T08:48:57+03:00
44	"
Κορωνοϊός: 9.294 νέα κρούσματα την Κυριακή - Στους 93 οι διασωληνωμένοι και 13 θάνατοι
"	https://www.protothema.gr/koronoios-live/article/1258466/koronoios-9294-nea-krousmata-tin-kuriaki-stous-93-oi-diasolinomenoi-kai-13-thanatoi/	2022-06-26T15:48:00+03:00
45	"
Παγώνη για τέταρτη δόση: «Δικαιολογημένα εκνευρίζονται οι πολίτες, αλλά οι άνω των 60 πρέπει να εμβολιαστούν»
"	https://www.protothema.gr/koronoios-live/article/1258404/koronoios-pagoni-gia-tetarti-dosi-dikaiologimena-ekneurizodai-oi-polites-alla-oi-ano-ton-60-prepei-na-emvoliastoun/	2022-06-26T11:35:47+03:00
46	"
Γιατί αυξάνονται τα κρούσματα κορωνοϊού - Αναμένονται και άλλα επιδημικά κύματα
"	https://www.protothema.gr/koronoios-live/article/1258363/pandimia-i-epohi-tis-covid-egine-i-nea-pragmatikotita-pos-i-suberifora-mas-kathorizei-ta-epidimika-kumata/	2022-06-26T08:55:00+03:00
47	"
12.082 νέα κρούσματα κορωνοϊού το Σάββατο - Στους 88 οι διασωληνωμένοι και 8 θάνατοι
"	https://www.protothema.gr/koronoios-live/article/1258267/koronoios-12082-nea-krousmata-to-savvato-stous-88-oi-diasolinomenoi-kai-8-thanatoi/	2022-06-25T15:42:18+03:00
48	"
Πωλήσεις-ρεκόρ για τα καλλυντικά της L'Oréal, μετά την κατάργηση της μάσκας για τον κορωνοϊό
"	https://www.protothema.gr/koronoios-live/article/1258245/koronoios-poliseis-rekor-gia-ta-kalludika-tis-loreal-meta-tin-katargisi-tis-hrisis-maskas/	2022-06-25T13:58:49+03:00
49	"
Βασιλακόπουλος για τέταρτη δόση: «Αν περιμένουμε μέχρι τον Οκτώβριο, είμαστε εκτεθειμένοι στον κορωνοϊό για τέσσερις μήνες»
"	https://www.protothema.gr/koronoios-live/article/1258182/koronoios-vasilakopoulos-gia-tetarti-dosi-an-perimenoume-mehri-ton-oktovrio-eimaste-ektetheimenoi-gia-tesseris-mines/	2022-06-25T10:33:50+03:00
50	"
Στα 11.972 τα νέα κρούσματα κορωνοϊού - 13 θάνατοι και 86 διασωληνωμένοι
"	https://www.protothema.gr/koronoios-live/article/1257973/koronoios-sta-11972-ta-nea-krousmata-13-thanatoi-kai-86-diasolinomenoi/	2022-06-24T15:34:00+03:00
51	"
Οι υποπαραλλαγές  ΒΑ.4 και ΒΑ.5 της Omicron διαφεύγουν της ανοσίας από εμβολιασμό ή νόσηση
"	https://www.protothema.gr/koronoios-live/article/1257896/koronoios-oi-upoparallages-va4-kai-va5-tis-omicron-diafeugoun-tis-anosias-apo-emvoliasmo-i-nosisi/	2022-06-24T12:47:56+03:00
52	"
Βραβεύτηκε η σύζυγος πνευμονολόγου του «Αττικόν» που μολύνθηκε με Covid από  ασθενή του και πέθανε
"	https://www.protothema.gr/koronoios-live/article/1257869/koronoios-vraveutike-i-suzugos-pneumonologou-tou-attikon-pou-molunthike-apo-astheni-tou-kai-pethane/	2022-06-24T11:45:00+03:00
53	"
Κρατούμενος γύρισε από άδεια στις φυλακές της Πάτρας με στομάχι γεμάτο στα ναρκωτικά
"	https://www.protothema.gr/koronoios-live/article/1257828/patra-kratoumenos-gurise-apo-adeia-me-stomahi-gemato-sta-narkotika/	2022-06-24T10:23:52+03:00
54	"
 Τι σημαίνουν για την πανδημία του κορωνοϊού οι δύο νέες πιο μεταδοτικές υποπαραλλαγές 4 και 5 της Omicron
"	https://www.protothema.gr/koronoios-live/article/1257815/koronoios-ti-simainoun-gia-tin-pandimia-oi-duo-nees-pio-metadotikes-upoparallages-4-kai-5-tis-omicron/	2022-06-24T10:01:00+03:00
55	"
Τα εμβόλια για τον κορωνοϊό απέτρεψαν 20 εκατ. θανάτους παγκοσμίως το πρώτο έτος χορήγησής τους, δείχνει έρευνα
"	https://www.protothema.gr/koronoios-live/article/1257768/koronoios-ta-emvolia-apetrepsan-20-ekat-thanatous-pagosmios-to-proto-etos-horigisis-tous-deihnei-ereuna/	2022-06-24T08:02:01+03:00
56	"
Τη Δευτέρα ανοίγει η πλατφόρμα της 4ης δόσης για τους 30-59 - Τι θα κάνουν όσοι έχουν νοσήσει
"	https://www.protothema.gr/koronoios-live/article/1257751/ti-deutera-anoigei-i-platforma-tis-4is-dosis-gia-tous-30-59-ti-tha-kanoun-osoi-ehoun-nosisei/	2022-06-24T06:23:00+03:00
57	"
Είμαστε στη δεύτερη φάση της πανδημίας, από το 2024 η μετά τον κορωνοϊό εποχή, τονίζει ο καθηγητής Χρηστάκης
"	https://www.protothema.gr/koronoios-live/article/1257711/kathigitis-hristakis-eimaste-sti-deuteri-fasi-tis-pandimias-apo-to-2024-tha-milame-gia-tin-meta-koronoio-epohi/	2022-06-23T22:18:00+03:00
58	"
Δικαστήριο στην Καλιφόρνια κρίνει αν οι εργοδότες θα αποζημιώνουν συγγενείς υπαλλήλων που προσβάλλονται από Covid
"	https://www.protothema.gr/koronoios-live/article/1257657/dikastirio-sti-kalifornia-krinei-an-oi-ergodotes-tha-apozimionoun-suggeneis-upallilon-pou-prosvallodai-apo-covid/	2022-06-23T19:39:00+03:00
59	"
Προαιρετική τελικά για τους 30-59 η τέταρτη δόση του εμβολίου κατά της Covid - Ισχυρή σύσταση για τους άνω των 60
"	https://www.protothema.gr/koronoios-live/article/1257571/koronoios-proairetiko-emvoliasmo-kata-tis-covid-gia-tous-30-59-proteine-i-epitropi-ishuri-sustasi-gia-tous-ano-ton-60/	2022-06-23T16:02:00+03:00
60	"
Κορωνοϊός: 10.474 κρούσματα, 88 διασωληνωμένοι και 17 θάνατοι
"	https://www.protothema.gr/koronoios-live/article/1257566/koronoios-10474-krousmata-88-diasolinomenoi-kai-17-thanatoi/	2022-06-23T15:47:00+03:00
61	"
Εμβολιασμό κατά της Covid με 4η δόση για όλους άνω των 30 ετών εισηγείται η Επιτροπή
"	https://www.protothema.gr/koronoios-live/article/1257537/koronoios-4i-dosi-gia-olous-ano-ton-30-eton-eisigeitai-i-epitropi/	2022-06-23T14:48:00+03:00
62	"
Τα εμβόλια Covid-19 είναι ασφαλή για ασθενείς με καρδιαγγειακή νόσο, επιβεβαιώνει νέα μεγάλη μελέτη
"	https://www.protothema.gr/koronoios-live/article/1257384/koronoios-ta-emvolia-einai-asfali-gia-astheneis-me-kardiaggeiaki-noso-epivevaionei-nea-megali-meleti/	2022-06-23T10:02:56+03:00
63	"
Τι γνωρίζουμε για τις υποπαραλλαγές ΒΑ.4 και ΒΑ.5 της Omicron του κορωνοϊού - H ανάλυση Μόσιαλου
"	https://www.protothema.gr/koronoios-live/article/1257330/mosialos-ti-gnorizoume-gia-tis-upoparallages-va4-kai-va5-tis-omicron-tou-koronoiou/	2022-06-23T07:59:25+03:00
64	"
Σκέψεις να «ανοίξει» η τέταρτη δόση του εμβολίου κατά του κορωνοϊού για όλους κάτω των 60 ετών
"	https://www.protothema.gr/koronoios-live/article/1257316/koronoios-skepseis-na-anoixei-i-tetarti-dosi-tou-emvoliou-gia-olous-kato-ton-60-eton/	2022-06-23T06:58:00+03:00
65	"
CDC: Σχεδόν ο ένας στους πέντε ενηλίκους που είχε COVID παρουσιάζει συμπτώματα διαρκείας
"	https://www.protothema.gr/koronoios-live/article/1257303/cdc-shedon-o-enas-stous-pede-enilikous-pou-eihe-covid-parousiazei-subtomata-diarkeias/	2022-06-23T03:54:20+03:00
66	"
Οι αρχές του Λιβάνου ανησυχούν για την αύξηση  των κρουσμάτων κορωνοϊού
"	https://www.protothema.gr/koronoios-live/article/1257296/livanos-anisuhia-gia-anazopurosi-ton-krousmaton-koronoiou/	2022-06-23T02:14:22+03:00
67	"
Αυξάνονται στην Ιταλία τα κρούσματα του κορωνοϊού – 50 θάνατοι την Τετάρτη
"	https://www.protothema.gr/koronoios-live/article/1257279/auxanodai-stin-italia-ta-krousmata-tou-koronoiou-50-thanatoi-tin-tetarti/	2022-06-22T22:41:00+03:00
68	"
H Omicron «ρίχνει» στο 50% τις πιθανότητες εμφάνισης long Covid, σε αντίθεση με τη Δέλτα
"	https://www.protothema.gr/koronoios-live/article/1257092/koronoios-h-omicron-rihnei-sto-50-tis-pithanotites-emfanisis-long-covid-se-adithesi-me-ti-delta/	2022-06-22T15:32:00+03:00
69	"
Ξεκίνησε ο εμβολιασμός των παιδιών κάτω των 5 ετών στις ΗΠΑ
"	https://www.protothema.gr/koronoios-live/article/1256961/koronoios-xekinise-o-emvoliasmos-ton-paidion-kato-ton-5-eton/	2022-06-22T10:17:17+03:00
70	"
Υπερδιπλασιάστηκαν σε 24 ώρες τα κρούσματα: Ποιες περιοχές είναι στο «κόκκινο» 
"	https://www.protothema.gr/koronoios-live/article/1256900/koronoios-uperdiplasiastikan-se-24-ores-ta-krousmata/	2022-06-22T07:45:00+03:00
71	"
«Έκτο κύμα» της επιδημίας ή «ταλάντωση»; Επιστημονική κόντρα ανάμεσα σε Παυλάκη και Μαγιορκίνη
"	https://www.protothema.gr/koronoios-live/article/1256822/koronoios-ekto-kuma-tis-epidimias-i-taladosi-epistimoniki-kodra-anamesa-se-paulaki-kai-magiorkini/	2022-06-21T20:59:00+03:00
72	"
Ο Καπραβέλος για τα τρία λάθη στη διαχείριση της πανδημίας που «ανέβασαν» τα κρούσματα
"	https://www.protothema.gr/koronoios-live/article/1256821/koronoios-kapravelos-ta-tria-lathi-sti-diaheirisi-tis-pandimias-pou-anevasan-ta-krousmata/	2022-06-21T20:52:00+03:00
73	"
Αποζημίωση 120.000 στερλινών στη μνηστή μουσικού που πέθανε από το εμβόλιο Astra Zeneca
"	https://www.protothema.gr/koronoios-live/article/1256813/vretania-apozimiosi-120000-sterlinon-gia-ton-thanato-mousikou-apo-parenergeies-tou-emvoliou-tis-astra-zeneca/	2022-06-21T20:38:00+03:00
74	"
Μεγάλη αύξηση του ιικού φορτίου στα λύματα Ηρακλείου και Αγίου Νικολάου
"	https://www.protothema.gr/koronoios-live/article/1256694/lumata-megali-auxisi-tou-iikou-fortiou-se-irakleio-agio-nikolao/	2022-06-21T16:36:00+03:00
75	"
Ανέβηκαν στα 12.537 τα νέα κρούσματα κορωνοϊού - 14 θάνατοι και 96 οι διασωληνωμένοι 
"	https://www.protothema.gr/koronoios-live/article/1256689/koronoios-sta-12537-ta-nea-krousmata-14-thanatoi-kai-96-oi-diasolinomenoi/	2022-06-21T16:21:00+03:00
76	"
Οι γυναίκες είναι πολύ πιθανότερο να εμφανίσουν μακρά Covid-19
"	https://www.protothema.gr/koronoios-live/article/1256513/koronoios-oi-gunaikes-einai-polu-pithanotero-na-emfanisoun-makra-covid-19/	2022-06-21T09:22:35+03:00
77	"
Οι υποπαραλλαγές Omicron 4 και 5 που «σηκώνουν» το θερινό κύμα και οι πέντε λόγοι που φοβίζουν τους ειδικούς 
"	https://www.protothema.gr/koronoios-live/article/1256482/omicron-4-kai-5-oi-upoparallages-pou-sikonoun-to-therino-kuma-kai-oi-5-logoi-pou-fovizoun-tous-eidikous/	2022-06-21T07:42:00+03:00
78	"
Θετικός στον κορωνοϊο ο Μεξικανός ΥΠΕΞ Μαρσέλο Εμπράρδ 
"	https://www.protothema.gr/koronoios-live/article/1256464/mexiko-thetikos-ston-koronoio-o-upex-marselo-ebrard/	2022-06-21T05:12:21+03:00
79	"
Μαρία Ζαχάροβα: Οι προβοκάτσιες της Δύσης έφεραν τον κίνδυνο επισιτιστικής κρίσης
"	https://www.protothema.gr/koronoios-live/article/1256440/maria-zaharova-oi-provokatsies-tis-dusis-eferan-ton-kinduno-episitistikis-krisis/	2022-06-20T23:19:00+03:00
80	"
Ιταλός καθηγητής ιολογίας ανησυχεί για την Omicron ΒΑ.5 και προτείνει μάσκες ακόμα και στην παραλία!
"	https://www.protothema.gr/koronoios-live/article/1256433/italos-kathigitis-iologias-anisuhei-gia-tin-omicron-va5-kai-proteinei-maskes-akoma-kai-stin-paralia/	2022-06-20T22:37:00+03:00
81	"
Νέο κύμα κορωνοϊού «σαρώνει» τη χώρα - Ποιες μεταλλάξεις κυριαρχούν
"	https://www.protothema.gr/koronoios-live/article/1256371/koronoios-neo-kuma-saronei-ti-hora-poies-metallaxeis-kuriarhoun/	2022-06-20T19:18:00+03:00
82	"
Στα 4.832 τα νέα κρούσματα κορωνοϊού, 11 θάνατοι, 97 διασωληνωμένοι
"	https://www.protothema.gr/koronoios-live/article/1256270/koronoios-4832-nea-krousmata-11-thanatoi-97-diasolinomenoi/	2022-06-20T15:38:00+03:00
83	"
«Λογική» η αύξηση των κρουσμάτων, λέει η Παγώνη - Πού εντοπίζεται η υποπαραλλαγή «4» που κάνει 40 πυρετό
"	https://www.protothema.gr/koronoios-live/article/1256055/pagoni-pou-edopizetai-kurios-i-parallagi-4-tou-koronoiou-pou-kanei-40ria/	2022-06-20T07:57:00+03:00
84	"
Κορωνοϊός: 5.689 νέα κρούσματα - 8 θάνατοι, 101 διασωληνωμένοι
"	https://www.protothema.gr/koronoios-live/article/1255930/koronoios-5689-nea-krousmata-8-thanatoi-101-diasolinomenoi/	2022-06-19T15:38:00+03:00
85	"
Κορωνοϊός - ΗΠΑ: Ομόφωνα οι ειδικοί των CDC ενέκριναν τα εμβόλια των Pfizer και Moderna για παιδιά κάτω των 5 ετών
"	https://www.protothema.gr/koronoios-live/article/1255801/koronoios-ipa-omofona-oi-eidikoi-ton-cdc-enekrinan-ta-emvolia-ton-pfizer-kai-moderna-gia-ta-paidia-kato-ton-5-eton/	2022-06-18T22:23:00+03:00
86	"
Στα 7.163 τα νέα κρούσματα κορωνοϊού - 9 θάνατοι, 99 διασωληνωμένοι
"	https://www.protothema.gr/koronoios-live/article/1255729/koronoios-7163-nea-krousmata-9-thanatoi-99-diasolinomenoi/	2022-06-18T15:38:00+03:00
87	"
Βρισκόμαστε στην έναρξη του έκτου κύματος της πανδημίας, λέει ο καθηγητής Σουρβίνος
"	https://www.protothema.gr/koronoios-live/article/1255707/koronoios-vriskomaste-stin-enarxi-tou-ektou-kumatos-leei-o-kathigitis-sourvinos/	2022-06-18T14:07:00+03:00
88	"
«Πράσινο φως» από τον FDA για τον εμβολιασμό παιδιών από 6 μηνών - Την άλλη εβδομάδα πιθανόν η διανομή στις ΗΠΑ
"	https://www.protothema.gr/koronoios-live/article/1255477/koronoios-prasino-fos-apo-ton-fda-gia-ton-emvoliasmo-paidion-apo-6-minon-tin-alli-evdomada-pithanon-i-dianomi-stis-ipa/	2022-06-17T17:48:00+03:00
89	"
Στα 7.204 τα νέα κρούσματα κορωνοϊού - 10 θάνατοι και 98 διασωληνωμένοι 
"	https://www.protothema.gr/koronoios-live/article/1255438/koronoios-sta-7204-ta-nea-krousmata-10-thanatoi-kai-98-diasolinomenoi/	2022-06-17T16:09:00+03:00
90	"
Αυξάνονται ξανά τα κρούσματα κορωνοϊού στην Ιταλία - Σε κατάσταση υψηλού κινδύνου έξι περιφέρειες
"	https://www.protothema.gr/koronoios-live/article/1255421/koronoios-italia-auxanodai-xana-ta-krousmata-se-katastasi-upsilou-kindunou-exi-perifereies/	2022-06-17T15:24:00+03:00
91	"
Έρευνα: Μικρότερος ο κίνδυνος για long Covid με τη μετάλλαξη Omicron
"	https://www.protothema.gr/koronoios-live/article/1255254/ereuna-mikroteros-o-kindunos-gia-long-covid-me-ti-metallaxi-omicron/	2022-06-17T08:47:00+03:00
92	"
Η Ισπανία προβλέπει τέταρτη δόση εμβολίου κατά του κορωνοϊού για όλον τον πληθυσμό το φθινόπωρο
"	https://www.protothema.gr/koronoios-live/article/1255106/koronoios-i-ispania-provlepei-tetarti-dosi-emvoliou-gia-olon-ton-plithusmo-to-fthinoporo/	2022-06-16T18:09:19+03:00
93	"
Στα 7.158 τα νέα κρούσματα κορωνοϊού, 8 θάνατοι και 102 διασωληνωμένοι
"	https://www.protothema.gr/koronoios-live/article/1255046/koronoios-7158-krousmata-8-thanatoi-kai-102-diasolinomenoi/	2022-06-16T15:34:00+03:00
94	"
Γιατί ανεβαίνουν πάλι τα κρούσματα κορωνοϊού  - Τι εκτιμούν οι ειδικοί 
"	https://www.protothema.gr/koronoios-live/article/1254813/koronoios-giati-anevainoun-pali-ta-krousmata-ti-ektimoun-oi-eidikoi/	2022-06-16T06:34:00+03:00
95	"
Οι ειδικοί του FDA λένε «ναι» στο εμβόλιο της Pfizer κατά του κορωνοϊού για παιδιά από έξι μηνών έως τεσσάρων ετών
"	https://www.protothema.gr/koronoios-live/article/1254790/koronoios-oi-eidikoi-tou-fda-lene-nai-sto-emvolio-tis-pfizer-gia-paidia-apo-exi-minon-eos-tessaron-eton/	2022-06-15T23:32:00+03:00
96	"
Κυλιόμενη αξιολόγηση από τον Ευρωπαϊκό Οργανισμό Φαρμάκων για την έκδοση του εμβολίου της Pfizer κατά της Omicron
"	https://www.protothema.gr/koronoios-live/article/1254701/emvolio-pfizer-o-europaikos-organismos-farmakon-xekinise-axiologisi-gia-ti-nea-ekdosi-kata-tis-omicron/	2022-06-15T18:49:06+03:00
97	"
9.288 τα νέα κρούσματα κορωνοϊού - 15 νεκροί και 103 διασωληνωμένοι
"	https://www.protothema.gr/koronoios-live/article/1254613/koronoios-9288-ta-nea-krousmata-15-nekroi-kai-103-diasolinomenoi/	2022-06-15T15:35:00+03:00
98	"
Άνδρας κυκλοφορούσε ελεύθερος στην Κέρκυρα παρά τις πέντε καταδίκες για κλοπές
"	https://www.protothema.gr/koronoios-live/article/1254463/kerkura-kukloforouse-eleutheros-para-tis-pede-katadikes-gia-klopes/	2022-06-15T10:44:47+03:00
99	"
Βρήκαν 1.000 γονίδια που αυξάνουν τον κίνδυνο για σοβαρή νόσηση με Covid-19 - Πιο κοντά σε γενετικό τεστ
"	https://www.protothema.gr/koronoios-live/article/1254459/koronoios-vrethikan-pano-apo-1000-gonidia-pou-auxanoun-ton-kinduno-gia-sovari-covid-19/	2022-06-15T10:34:00+03:00
100	"
Αύξηση 64% των κρουσμάτων Covid-19 την τελευταία εβδομάδα στην Ολλανδία
"	https://www.protothema.gr/koronoios-live/article/1254356/ollandia-auxisi-64-ton-krousmaton-covid-19-tin-teleutaia-evdomada/	2022-06-15T00:12:49+03:00
101	"
Ίσως μεγαλύτερος ο κίνδυνος για καρδιακή φλεγμονή με το εμβόλιο Moderna σε σχέση με το Pfizer, λένε τα CDC
"	https://www.protothema.gr/koronoios-live/article/1254252/koronoios-moderna-isos-megaluteros-o-kindunos-gia-kardiaki-flegmoni-se-shesi-me-to-pfizer/	2022-06-14T18:39:00+03:00
102	"
Στα 8.083 τα κρούσματα κορωνοϊού τις τελευταίες 48 ώρες – 12 θάνατοι, 109 διασωληνωμένοι
"	https://www.protothema.gr/koronoios-live/article/1254156/koronoios-8083-nea-krousmata-tis-teleutaies-48-ores-12-thanatoi-109-diasolinomenoi/	2022-06-14T15:39:00+03:00
103	"
Μπαρ στο Πεκίνο... ύποπτο ως εστία κορωνοϊού - «Πυρετός» για να περιοριστεί η νέα έξαρση στην Κίνα
"	https://www.protothema.gr/koronoios-live/article/1254147/koronoios-kina-bar-sto-pekino-upopto-os-estia-krousmaton-puretos-gia-na-perioristei-i-nea-exarsi/	2022-06-14T15:26:00+03:00
104	"
Από τα νοσοκομεία του ΕΣΥ η διάθεση των αντιικών χαπιών σήμερα
"	https://www.protothema.gr/koronoios-live/article/1253759/koronoios-apo-ta-nosokomeia-tou-esu-i-diathesi-ton-adiikon-hapion-simera/	2022-06-13T13:33:00+03:00
105	"
«Τα στελέχη Ο4 και Ο5 του κορωνοϊού που επικρατούν είναι εξαιρετικά νοσογόνα», λέει ο Τζανάκης
"	https://www.protothema.gr/koronoios-live/article/1253698/tzanakis-ta-stelehi-o4-kai-o5-tou-koronoiou-pou-epikratoun-einai-exairetika-nosogona/	2022-06-13T08:52:23+03:00
106	"
ΕΚΠΑ: Οι αμφιβολίες για το εμβόλια της Novavax και το πρώτο επικαιροποιημένο εμβόλιο για την Omicron
"	https://www.protothema.gr/koronoios-live/article/1253314/koronoios-ekpa-oi-amfivolies-gia-to-emvolia-tis-novavax-kai-to-proto-epikairopoiimeno-emvolio-gia-tin-omicron/	2022-06-11T11:41:34+03:00
107	"
Ανοδική τάση των κρουσμάτων κορωνοϊού στην Ιταλία ύστερα από εβδομάδες υποχώρησης 
"	https://www.protothema.gr/koronoios-live/article/1253247/italia-anodiki-tasi-ton-krousmaton-koronoiou-ustera-apo-evdomades-upohorisis/	2022-06-11T06:04:03+03:00
108	"
Στα 4.493 τα νέα κρούσματα κορωνοϊού, 110 διασωληνωμένοι και 17 θάνατοι
"	https://www.protothema.gr/koronoios-live/article/1253065/koronoios-4493-nea-krousmata-110-diasolinomenoi-kai-17-thanatoi/	2022-06-10T15:49:00+03:00
109	"
Τριπλάσιος ο κίνδυνος θανάτου λόγω Covid-19 των ανεμβολίαστων ασθενών με καρδιακή ανεπάρκεια
"	https://www.protothema.gr/koronoios-live/article/1252861/ereuna-triplasios-o-kindunos-thanatou-logo-covid-19-ton-anemvoliaston-asthenon-me-kardiaki-aneparkeia/	2022-06-10T09:11:00+03:00
110	"
Στα 4.500 τα νέα κρούσματα, 9 θάνατοι και 111 διασωληνωμένοι
"	https://www.protothema.gr/koronoios-live/article/1252631/koronoios-4500-krousmata-9-thanatoi-kai-111-diasolinomenoi/	2022-06-09T15:36:00+03:00
111	"
Το τροποποιημένο εμβόλιο της Moderna «χτυπά» και την Omicron - Τι δείχνουν τα προκαταρκτικά αποτελέσματα 
"	https://www.protothema.gr/koronoios-live/article/1252232/koronoios-i-moderna-anakoinose-thetika-apotelesmata-sto-tropopoiimeno-emvolio-kata-tis-omicron/	2022-06-08T16:36:00+03:00
112	"
Υψηλότερος ο κίνδυνος λοίμωξης με κορωνοϊό για τους εμβολιασμένους με HIV - Σημαντική η ενισχυτική δόση
"	https://www.protothema.gr/koronoios-live/article/1251867/koronoios-upsiloteros-o-kindunos-loimoxis-gia-tous-emvoliasmenous-me-hiv-simadiki-i-enishutiki-dosi/	2022-06-07T19:08:03+03:00
113	"
Κορωνοϊός: 5.610 κρούσματα, 120 διασωληνωμένοι και 19 θάνατοι
"	https://www.protothema.gr/koronoios-live/article/1251775/koronoios-5610-krousmata-120-diasolinomenoi-kai-19-thanatoi/	2022-06-07T15:37:00+03:00
114	"
Επιπρόσθετα οφέλη από το αντιικό χάπι της Merck για τους ασθενείς με κορωνοϊό
"	https://www.protothema.gr/koronoios-live/article/1251609/koronoios-epiprostheta-ofeli-apo-to-adiiko-hapi-tis-merck-gia-tous-astheneis/	2022-06-07T09:27:43+03:00
115	"
Συχνή η διαταραχή του ύπνου και η κόπωση μετά την Covid-19, επιβεβαιώνει αμερικανική μελέτη
"	https://www.protothema.gr/koronoios-live/article/1251591/koronoios-suhni-i-diatarahi-tou-upnou-kai-i-koposi-meta-tin-covid-19-epivevaionei-amerikaniki-meleti/	2022-06-07T08:44:00+03:00
116	"
Στα 2.501 τα νέα κρούσματα, 10 θάνατοι και 119 διασωληνωμένοι
"	https://www.protothema.gr/koronoios-live/article/1251373/koronoios-2501-krousmata-10-thanatoi-kai-119-diasolinomenoi/	2022-06-06T15:31:00+03:00
117	"
Ανησυχία για έξαρση του κορωνοϊού το καλοκαίρι εκφράζει ο Παυλάκης
"	https://www.protothema.gr/koronoios-live/article/1251172/paulakis-fovoi-gia-exarsi-tou-koronoiou-to-kalokairi/	2022-06-06T08:34:00+03:00
118	"
Θετικός στον κορωνοϊό για 2η φορά ο πρώην πρόεδρος της Βραζιλίας, Λούλα
"	https://www.protothema.gr/koronoios-live/article/1251138/vrazilia-o-proin-proedros-loula-gia-2i-fora-thetikos-ston-koronoio/	2022-06-06T05:10:48+03:00
119	"
2.661 νέα κρούσματα κορωνοϊού σήμερα - Στους 118 οι διασωληνωμένοι και 11 θάνατοι
"	https://www.protothema.gr/koronoios-live/article/1251051/koronoios-2661-nea-krousmata-simera-stous-118-oi-diasolinomenoi-kai-11-thanatoi/	2022-06-05T15:41:00+03:00
120	"
Το Πεκίνο επιστρέφει στην κανονικότητα - Αίρουν τα «σκληρά» μέτρα για τον κορωνοϊό
"	https://www.protothema.gr/koronoios-live/article/1250996/koronoios-kina-airoun-ta-sklira-metra-to-pekino-epistrefei-stin-kanonikotita/	2022-06-05T11:14:00+03:00
121	"
3.313 νέα κρούσματα κορωνοϊού - Στους 120 οι διασωληνωμένοι, 15 θάνατοι
"	https://www.protothema.gr/koronoios-live/article/1250849/koronoios-3313-nea-krousmata-stous-120-oi-diasolinomenoi-15-thanatoi/	2022-06-04T15:39:43+03:00
122	"
«Επιστρέφει» ο κορωνοϊός στη Βραζιλία - Ανησυχίες για 4ο κύμα
"	https://www.protothema.gr/koronoios-live/article/1250715/vrazilia-epistrefei-o-koronoios-anisuhies-gia-4o-kuma/	2022-06-04T02:52:00+03:00
123	"
Η Covid ανιχνεύεται με μεγαλύτερη αξιοπιστία από σκυλιά σε σχέση με τα μοριακά τεστ, σύμφωνα με γαλλική μελέτη
"	https://www.protothema.gr/koronoios-live/article/1250571/koronoios-gallia-i-covid-anihneuetai-me-megaluteri-axiopistia-apo-skulia-se-shesi-me-ta-moriaka-test/	2022-06-03T16:53:00+03:00
124	"
Το χάπι της Pfizer μειώνει τον κίνδυνο νοσηλείας και θανάτου λόγω κορωνοϊού σε ηλικιωμένους
"	https://www.protothema.gr/koronoios-live/article/1250372/koronoios-to-hapi-tis-pfizer-meionei-ton-kinduno-nosileias-kai-thanatou-se-ilikiomenous/	2022-06-03T08:35:12+03:00
125	"
Στις ΗΠΑ τα παιδιά κάτω των 5 ετών έως τις 21 Ιουνίου θα μπορούν να εμβολιαστούν κατά της Covid-19
"	https://www.protothema.gr/koronoios-live/article/1250332/ipa-ta-paidia-kato-ton-5-eton-eos-tis-21-iouniou-tha-boroun-na-emvoliastoun-kata-tis-covid-19/	2022-06-03T02:45:50+03:00
126	"
Μια υποπαραλλαγή της Omicron έχει αυξήσει τον ρυθμό μολύνσεων στην Πορτογαλία
"	https://www.protothema.gr/koronoios-live/article/1250207/koronoios-portogalia-mia-upoparallagi-tis-omicron-ehei-auxisei-ton-ruthmo-molunseon/	2022-06-02T17:45:00+03:00
127	"
Κορωνοϊός: 3.769 κρούσματα, 9 θάνατοι και 131 διασωληνωμένοι
"	https://www.protothema.gr/koronoios-live/article/1250156/koronoios-3769-krousmata-9-thanatoi-kai-131-diasolinomenoi/	2022-06-02T15:38:00+03:00
128	"
Ο εμβολιασμός για τον κορωνοϊό προστατεύει τους νεφροπαθείς σε αιμοκάθαρση από σοβαρή νόσηση
"	https://www.protothema.gr/koronoios-live/article/1249951/koronoios-o-emvoliasmos-prostateuei-tous-nefropatheis-se-aimokatharsi-apo-sovari-nosisi/	2022-06-02T08:37:42+03:00
129	"
Ο Παγκόσμιος Οργανισμός Υγείας εκτιμά ότι επιδεινώνεται η επιδημιολογική κατάσταση στη Βόρεια Κορέα
"	https://www.protothema.gr/koronoios-live/article/1249914/voreia-korea-o-pou-ektima-oti-i-epidimiologiki-katastasi-epideinonetai/	2022-06-02T04:45:32+03:00
130	"
Θετική στον κορωνοϊό η  υπουργός Εσωτερικών των ΗΠΑ Ντεμπ Χάαλαντ
"	https://www.protothema.gr/koronoios-live/article/1249902/ipa-i-upourgos-esoterikon-deb-haalad-diagnostike-thetiki-stin-covid-19/	2022-06-02T00:31:42+03:00
131	"
Στα 4.026 τα νέα κρούσματα κορωνοϊού το τελευταίο 24ωρο - 9 θάνατοι και 130 διασωληνωμένοι
"	https://www.protothema.gr/koronoios-live/article/1249712/koronoios-4026-krousmata-9-thanatoi-kai-130-diasolinomenoi/	2022-06-01T15:41:00+03:00
132	"
Crash test των 4 εμβολίων για τον κορωνοϊό: Τι δείχνει η πρώτη άμεση σύγκριση έξι μήνες μετά τον εμβολιασμό
"	https://www.protothema.gr/koronoios-live/article/1249547/koronoios-ti-deihnei-i-proti-amesi-sugrisi-tessaron-emvolion-exi-mines-meta-ton-emvoliasmo/	2022-06-01T10:08:00+03:00
133	"
Πλεύρης: Πιθανόν εμβολιασμός του γενικού πληθυσμού από τον Σεπτέμβριο - Στόχος να επαναλαμβάνεται όπως της γρίπης
"	https://www.protothema.gr/koronoios-live/article/1249513/pleuris-stohos-einai-to-emvolio-gia-ton-koronoio-na-epanalamvanetai-opos-auto-tis-gripis/	2022-06-01T09:14:00+03:00
134	"
Οι τρεις δόσεις εμβολίου για τον κορωνοϊό είναι εξίσου αποτελεσματικές είτε από το ίδιο εμβόλιο, είτε από συνδυασμό σκευασμάτων
"	https://www.protothema.gr/koronoios-live/article/1249501/koronoios-oi-treis-doseis-einai-exisou-apotelesmatikes-eite-apo-to-idio-emvolio-eite-apo-sunduasmo-skeuasmaton/	2022-06-01T08:55:40+03:00
135	"
Χωρίς μάσκα από την Τετάρτη - Πού καταργείται και πού παραμένει υποχρεωτική 
"	https://www.protothema.gr/koronoios-live/article/1249431/koronoios-horis-maska-apo-tin-tetarti-pou-katargeitai-kai-pou-paramenei-upohreotiki/	2022-05-31T23:00:00+03:00
136	"
Πλεύρης: Μεταφέρουμε την παραλαβή εμβολίων από το β' στο γ' τρίμηνο, δεν προχωράμε σε νέα προμήθεια
"	https://www.protothema.gr/koronoios-live/article/1249297/koronoios-pleuris-metaferoume-tin-paralavi-emvolion-apo-to-v-sto-g-trimino-den-prohorame-se-nea-promitheia/	2022-05-31T17:02:00+03:00
137	"
Ο Ιατρικός Σύλλογος συστήνει τη χρήση μάσκας, ενώ ο Τζανάκης λέει ότι τώρα «είναι η ώρα να βγουν»
"	https://www.protothema.gr/koronoios-live/article/1249275/koronoios-o-iatrikos-sullogos-sustinei-ti-hrisi-maskas-eno-o-tzanakis-leei-oti-tora-einai-i-ora-na-vgoun/	2022-05-31T16:03:00+03:00
138	"
Στα 5.080 τα νέα κρούσματα, 12 θάνατοι και 130 διασωληνωμένοι
"	https://www.protothema.gr/koronoios-live/article/1249260/koronoios-5080-krousmata-12-thanatoi-kai-130-diasolinomenoi/	2022-05-31T15:36:00+03:00
139	"
Όλοι θα κάνουμε αναμνηστική δόση του εμβολίου το φθινόπωρο, λέει η Γκάγκα 
"	https://www.protothema.gr/koronoios-live/article/1249068/koronoios-gaga-anamnistiki-dosi-tou-emvoliou-se-olous-to-fthinoporo/	2022-05-31T09:18:22+03:00
140	"
Η Ιταλία αίρει την υποχρέωση των ταξιδιωτών από το εξωτερικό να προσκομίζουν υγειονομικό πάσο
"	https://www.protothema.gr/koronoios-live/article/1249011/koronoios-i-italia-airei-tin-upohreosi-ton-taxidioton-apo-to-exoteriko-na-proskomizoun-ugeionomiko-paso/	2022-05-31T02:35:47+03:00
141	"
Κορωνοϊός: 2.400 κρούσματα, 130 διασωληνωμένοι και 21 νεκροί
"	https://www.protothema.gr/koronoios-live/article/1248822/koronoios-2400-krousmata-130-diasolinomenoi-kai-21-nekroi/	2022-05-30T15:35:00+03:00
142	"
Το Πεκίνο ανακοίνωσε ένα νέο κρούσμα κορωνοϊού
"	https://www.protothema.gr/koronoios-live/article/1248743/koronoios-i-kina-anakoinose-ena-neo-krousma-sto-pekino/	2022-05-30T12:23:00+03:00
143	"
Έρχεται τέταρτη δόση εμβολίου για τον κορωνοϊό από Σεπτέμβριο, λέει ο Πλεύρης
"	https://www.protothema.gr/koronoios-live/article/1248660/pleuris-erhetai-tetarti-dosi-emvoliou-gia-ton-koronoio-apo-septemvrio-tha-epanelthoun-kapoia-metra/	2022-05-30T09:10:00+03:00
144	"
Κορωνοϊός: 2.575 κρούσματα 16 θάνατοι και 132 διασωληνωμένοι
"	https://www.protothema.gr/koronoios-live/article/1248515/koronoios-2575-krousmata-16-thanatoi-kai-132-diasolinomenoi/	2022-05-29T15:46:00+03:00
145	"
Η Σανγκάη ανακοινώνει νέα μέτρα για την επιστροφή στην ομαλότητα μετά τα lockdown για τη Covid
"	https://www.protothema.gr/koronoios-live/article/1248418/i-sangai-anakoinonei-nea-metra-gia-tin-epistrofi-stin-omalotita-meta-ta-lockdown-gia-ti-covid/	2022-05-29T09:16:56+03:00
146	"
Βελτίωση στην έξαρση του κορωνοϊού στη Βόρεια Κορέα, συζητείται η χαλάρωση των μέτρων
"	https://www.protothema.gr/koronoios-live/article/1248412/koronoios-voreia-korea-sto-trapezi-i-halarosi-ton-metron-veltionetai-i-exarsi/	2022-05-29T09:08:47+03:00
147	"
Κορωνοϊός: 3.190 κρούσματα, 9 θάνατοι και 134 διασωληνωμένοι
"	https://www.protothema.gr/koronoios-live/article/1248320/koronoios-3190-krousmata-9-thanatoi-kai-134-diasolinomenoi/	2022-05-28T15:35:00+03:00
148	"
Χαλάρωση των περιορισμών κατά της Covid-19 από αύριο, σε μερικές περιοχές του Πεκίνου
"	https://www.protothema.gr/koronoios-live/article/1248292/kina-koronoios-halarosi-ton-periorismon-apo-aurio-se-merikes-periohes-tou-pekinou/	2022-05-28T13:37:54+03:00
149	"
Υποχώρησε για πρώτη φορά κάτω από τις 100.000 ο ημερήσιος αριθμός κρουσμάτων «πυρετού» στη Βόρεια Κορέα
"	https://www.protothema.gr/koronoios-live/article/1248187/voreia-korea-upohorise-gia-proti-fora-kato-apo-tis-100000-o-imerisios-arithmos-krousmaton-puretou/	2022-05-28T01:58:10+03:00
150	"
Προετοιμαζόταν για το ξέσπασμα Covid η Βόρεια Κορέα, εισάγοντας μάσκες, αναπνευστήρες και εμβόλια από Κίνα
"	https://www.protothema.gr/koronoios-live/article/1247984/koronoios-voreia-korea-eihe-proetoimastei-gia-to-xespasma-eisagodas-maskes-anapneustires-kai-emvolia-apo-kina/	2022-05-27T14:34:00+03:00
151	"
Το στρες της εγκύου λόγω πανδημίας μπορεί να είχε αρνητική επίπτωση στον εγκέφαλο του αγέννητου μωρού
"	https://www.protothema.gr/koronoios-live/article/1247832/koronoios-to-stres-tis-eguou-logo-pandimias-borei-na-eihe-arnitiki-epiptosi-ston-egefalo-tou-agennitou-morou/	2022-05-27T08:57:41+03:00
152	"
Στα 4.048 τα νέα κρούσματα κορωνοϊού, 141 διασωληνωμένοι, 13 θάνατοι
"	https://www.protothema.gr/koronoios-live/article/1247624/koronoios-sta-4048-ta-nea-krousmata-141-diasolinomenoi-13-thanatoi/	2022-05-26T15:42:00+03:00
153	"
Ακόμη και οι πλήρως εμβολιασμένοι μπορούν να εμφανίσουν long covid-19 συμπτώματα, προειδοποιεί αμερικανική έρευνα
"	https://www.protothema.gr/koronoios-live/article/1247280/amerikaniki-ereuna-akomi-kai-oi-pliros-emvoliasmenoi-boroun-na-emfanisoun-subtomata-long-covid-19/	2022-05-25T18:10:12+03:00
154	"
Το CDC καλεί το ένα τρίτο των Αμερικανών πολιτών να χρησιμοποιούν ξανά μάσκα για τον κορωνοϊό
"	https://www.protothema.gr/koronoios-live/article/1247098/koronoios-to-cdc-kalei-to-ena-trito-ton-amerikanon-politon-na-hrisimopoioun-xana-maska/	2022-05-25T11:06:00+03:00
155	"
Στα 5.588 τα νέα κρούσματα κορωνοϊού, 11 νεκροί και 149 διασωληνωμένοι
"	https://www.protothema.gr/koronoios-live/article/1246786/koronoios-5588-krousmata-11-nekroi-kai-149-diasolinomenoi/	2022-05-24T15:39:00+03:00
156	"
Καραντίνα σε γειτονιές επιβάλει το Πεκίνο, που θέλει «μηδενική Covid»
"	https://www.protothema.gr/koronoios-live/article/1246776/koronoios-kina-karadina-se-geitonies-epivalei-to-pekino-pou-thelei-mideniki-covid/	2022-05-24T15:02:00+03:00
157	"
Ποιοι ασθενείς με καρκίνο είναι πιο ευάλωτοι στον κορωνοϊό ακόμα και εμβολιασμένοι
"	https://www.protothema.gr/koronoios-live/article/1246623/koronoios-ereuna-poioi-astheneis-me-karkino-einai-pio-eualotoi-akoma-kai-emvoliasmenoi/	2022-05-24T09:27:00+03:00
158	"
Κορωνοϊός: 2.235 κρούσματα, 21 θάνατοι και 151 διασωληνωμένοι
"	https://www.protothema.gr/koronoios-live/article/1246377/koronoios-2235-krousmata-21-thanatoi-kai-151-diasolinomenoi/	2022-05-23T15:39:00+03:00
159	"
Ασφαλής η χορήγηση τριών δόσεων εμβολίου σε παιδιά από 6 μηνών ως 5 ετών, λένε Pfizer - BioNTech
"	https://www.protothema.gr/koronoios-live/article/1246333/koronoios-pfizer-asfalis-i-horigisi-trion-doseon-emvoliou-se-paidia-apo-6-minon-os-5-eton/	2022-05-23T14:02:00+03:00
160	"
Εγκρίθηκε η ενισχυτική δόση για το εμβόλιο της AstraZeneca για τον κορωνοϊό από τον ΕΜΑ
"	https://www.protothema.gr/koronoios-live/article/1246234/koronoios-egrithike-i-enishutiki-dosi-gia-to-emvolio-tis-astrazeneca-apo-ton-ema/	2022-05-23T10:47:17+03:00
161	"
Μειώνονται τα κρούσματα «πυρετού» στη Βόρεια Κορέα, κάτω από 200.000 για 2η ημέρα
"	https://www.protothema.gr/koronoios-live/article/1246134/voreia-korea-meionodai-ta-krousmata-puretou-kato-apo-200000-gia-2i-imera/	2022-05-23T04:20:57+03:00
162	"
Ήπια αποκλιμάκωση στο ιικό φορτίο των λυμάτων της Θεσσαλονίκης
"	https://www.protothema.gr/koronoios-live/article/1246024/lumata-ipia-apoklimakosi-sto-iiko-fortio-tis-thessalonikis/	2022-05-22T12:56:00+03:00
163	"
Έπεσαν από τις 200.000 τα κρούσματα Covid στη Βόρεια Κορέα για πρώτη φορά μετά από 10 μέρες
"	https://www.protothema.gr/koronoios-live/article/1245960/koronoios-voreia-korea-epesan-apo-tis-200000-ta-krousmata-gia-proti-fora-meta-apo-10-meres/	2022-05-22T08:46:00+03:00
164	"
3.424 νέα κρούσματα κορωνοϊού, 21 νέοι θάνατοι και 156 διασωληνωμένοι
"	https://www.protothema.gr/koronoios-live/article/1245886/koronoios-3424-nea-krousmata-21-neoi-thanatoi-kai-156-diasolinomenoi/	2022-05-21T15:39:00+03:00
165	"
Εξαδάκτυλος: «Ο κορωνοϊός δεν παίρνει άδειες» 
"	https://www.protothema.gr/koronoios-live/article/1245777/exadaktulos-o-koronoios-den-pairnei-adeies/	2022-05-21T08:38:00+03:00
166	"
Ο Κιμ Γιονγκ Ουν αντιμετωπίζει τον κορωνοϊό στη Βόρεια Κορέα με τσάι και… αλατόνερο
"	https://www.protothema.gr/koronoios-live/article/1245663/i-voreia-korea-adimetopizei-ton-koronoio-me-tsai-kai-alatonero/	2022-05-20T19:19:49+03:00
167	"
Κορωνοϊός: 3.708 νέα κρούσματα, 16 θάνατοι - Στους 159 οι διασωληνωμένοι
"	https://www.protothema.gr/koronoios-live/article/1245592/koronoios-3708-nea-krousmata-16-thanatoi-stous-159-oi-diasolinomenoi/	2022-05-20T15:34:00+03:00
168	"
Εντοπίστηκαν τα πρώτα κρούσματα κορωνοϊού στη Σανγκάη μετά από πέντε μέρες «μηδενικής Covid»
"	https://www.protothema.gr/koronoios-live/article/1245513/koronoios-sangai-edopistikan-ta-prota-krousmata-meta-apo-pede-meres-midenikis-covid/	2022-05-20T12:23:00+03:00
169	"
Άδεια χρήσης έκτακτης ανάγκης από τον ΠΟΥ στο κινεζικό εμβόλιο Convidecia
"	https://www.protothema.gr/koronoios-live/article/1245346/adeia-hrisis-ektaktis-anagis-apo-ton-pou-sto-kineziko-emvolio-convidecia/	2022-05-19T23:27:00+03:00
170	"
CDC: Πολύ λίγα τα περιστατικά μυοκαρδίτιδας σε αγόρια 5-11 ετών μετά τον εμβολιασμό για κορωνοϊό
"	https://www.protothema.gr/koronoios-live/article/1245280/emvolio-gia-ton-koronoio-cdc-polu-liga-ta-peristatika-muokarditidas-se-agoria-5-11-eton/	2022-05-19T19:45:00+03:00
171	"
Κρούσμα νέας υποπαραλλαγής της «Omicron» επιβεβαιώθηκε στην Ελλάδα
"	https://www.protothema.gr/koronoios-live/article/1245222/koronoios-krousma-neas-upoparallagis-tis-omicron-epivevaiothike-stin-ellada/	2022-05-19T17:24:00+03:00
172	"
Στα 3.928 τα νέα κρούσματα κορωνοϊού, 160 διασωληνωμένοι και 23 θάνατοι
"	https://www.protothema.gr/koronoios-live/article/1245176/koronoios-3928-nea-krousmata-160-diasolinomenoi-kai-23-thanatoi/	2022-05-19T15:36:00+03:00
173	"
Συμβουλευτική επιτροπή των CDC εξετάζει τη χορήγηση ενισχυτικής δόσης στα παιδιά 5-11 ετών
"	https://www.protothema.gr/koronoios-live/article/1245133/koronoios-ipa-sumvouleutiki-epitropi-ton-cdc-exetazei-ti-horigisi-enishutikis-dosis-sta-paidia-5-11-eton/	2022-05-19T13:53:00+03:00
174	"
Τα εμβόλια μειώνουν την πιθανότητα μακράς Covid-19 ακόμη κι αν γίνουν μετά τη λοίμωξη
"	https://www.protothema.gr/koronoios-live/article/1244974/ereuna-ta-emvolia-meionoun-tin-pithanotita-makras-covid-19-akomi-ki-an-ginoun-meta-ti-loimoxi/	2022-05-19T08:44:00+03:00
175	"
Ο Τζο Μπάιντεν δεν θεωρείται ""στενή επαφή"" της κόρης του Άσλεϊ που βρέθηκε θετική στην Covid-19
"	https://www.protothema.gr/koronoios-live/article/1244925/leukos-oikos-o-tzo-baiden-den-theoreitai-steni-epafi-tis-koris-tou-aslei-pou-vrethike-thetiki-stin-covid-19/	2022-05-19T00:33:00+03:00
176	"
Μπροστά σε ένα νέο κύμα Covid-19 στην αμερικανική ήπειρο – Αυξάνονται ξανά τα κρούσματα
"	https://www.protothema.gr/koronoios-live/article/1244867/auxanodai-xana-ta-krousmata-tou-koronoiou-stin-amerikaniki-ipeiro/	2022-05-18T20:05:00+03:00
177	"
Καταργείται η μάσκα στα καταστήματα - Παραμένει σε νοσοκομεία, γηροκομεία και μέσα μαζικής μεταφοράς
"	https://www.protothema.gr/koronoios-live/article/1244777/koronoios-katargeitai-i-maska-sta-katastimata-paramenei-se-nosokomeia-girokomeia-kai-mesa-mazikis-metaforas/	2022-05-18T16:58:00+03:00
178	"
Υποχρεωτική η μάσκα μόνο σε νοσοκομεία, γηροκομεία και μέσα μεταφοράς - Καταργείται στα καταστήματα
"	https://www.protothema.gr/koronoios-live/article/1244778/koronoios-upohreotiki-i-maska-mono-se-nosokomeia-girokomeia-kai-mesa-metaforas-katargeitai-sta-katastimata/	2022-05-18T16:24:00+03:00
179	"
Στα 4.626 τα κρούσματα κορωνοϊού το τελευταίο 24ωρο - 19 θάνατοι και 161 διασωληνωμένοι
"	https://www.protothema.gr/koronoios-live/article/1244749/koronoios-4626-krousmata-19-thanatoi-kai-161-diasolinomenoi/	2022-05-18T15:38:00+03:00
180	"
Η Κίνα «χαλαρώνει» ορισμένους κανόνες για τα τεστ Covid-19 στους διεθνείς ταξιδιώτες από τις ΗΠΑ
"	https://www.protothema.gr/koronoios-live/article/1244745/koronoios-kina-halaronoun-orismenoi-kanones-gia-ta-test-stous-taxidiotes-apo-tis-ipa/	2022-05-18T15:25:00+03:00
181	"
Στις 5 οι ανακοινώσεις Πλεύρη για τις αλλαγές στη χρήση μάσκας από 1η Ιουνίου
"	https://www.protothema.gr/koronoios-live/article/1244740/koronoios-pleuris-stis-5-oi-anakoinoseis-gia-ti-hrisi-maskas/	2022-05-18T15:17:00+03:00
182	"
Η Βόρεια Κορέα αντιμετωπίζει προβλήματα για τη μεταφορά και τη φύλαξη εμβολίων κατά του κορωνοϊού
"	https://www.protothema.gr/koronoios-live/article/1244696/i-voreia-korea-adimetopizei-provlimata-gia-ti-metafora-kai-ti-fulaxi-emvolion-kata-tou-koronoiou/	2022-05-18T13:41:53+03:00
183	"
Αποφασίζουν σήμερα οι ειδικοί για τις μάσκες - Τι θα ισχύσει για μέσα μεταφοράς, σχολεία, καταστήματα
"	https://www.protothema.gr/koronoios-live/article/1244513/maska-apofasizoun-simera-oi-eidikoi-ti-tha-ishusei-gia-mesa-metaforas-sholeia-katastimata/	2022-05-18T06:45:00+03:00
184	"
Ο Κιμ Γιονγκ Ουν κατηγορεί για «ανωριμότητα και αδράνεια» αξιωματούχους εν μέσω του ξεσπάσματος της πανδημίας στη Βόρεια Κορέα
"	https://www.protothema.gr/koronoios-live/article/1244510/voreia-korea-o-kim-giong-oun-katigorei-gia-anorimotita-kai-adraneia-axiomatouhous-en-meso-tou-xespasmatos-tis-pandimias/	2022-05-18T06:01:00+03:00
185	"
Εθνική Επιτροπή Εμβολιασμών: Τρίτη δόση για τους εφήβους 12-17 ετών που ταξιδεύουν στο εξωτερικό
"	https://www.protothema.gr/koronoios-live/article/1244385/ethniki-epitropi-emvoliasmon-triti-dosi-gia-tous-efivous-12-17-eton-pou-taxideuoun-sto-exoteriko/	2022-05-17T18:26:00+03:00
186	"
Στα 6.252 τα κρούσματα κορωνοϊού - 21 θάνατοι και 167 διασωληνωμένοι
"	https://www.protothema.gr/koronoios-live/article/1244314/koronoios-6252-krousmata-21-thanatoi-kai-167-diasolinomenoi/	2022-05-17T15:46:00+03:00
187	"
Πλεύρης: Η μάσκα θα παραμείνει σε κάποιους εσωτερικούς χώρους - Αύριο οι αποφάσεις
"	https://www.protothema.gr/koronoios-live/article/1244220/koronoios-pleuris-i-maska-tha-parameinei-se-kapoious-esoterikous-horous-aurio-oi-apofaseis/	2022-05-17T12:13:00+03:00
188	"
 «Μηδενική covid» στην κοινότητα στη Σανγκάη, όμως το lockdown παραμένει σε αρκετές περιοχές
"	https://www.protothema.gr/koronoios-live/article/1244182/koronoios-mideniki-covid-stin-koinotita-sti-sangai-omos-to-lockdown-paramenei-se-arketes-periohes/	2022-05-17T11:01:00+03:00
189	"
Οι επαναλοιμώξεις από τον κορωνοϊό μέσα σε μερικούς μόνο μήνες τείνουν να γίνουν ρουτίνα
"	https://www.protothema.gr/koronoios-live/article/1244109/koronoios-oi-epanaloimoxeis-mesa-se-merikous-mines-teinoun-na-ginoun-routina-sumfona-me-epistimones/	2022-05-17T08:56:00+03:00
190	"
Άλλοι έξι θάνατοι «από πυρετό» στη Βόρεια Κορέα - Σχεδόν 270.000 κρούσματα
"	https://www.protothema.gr/koronoios-live/article/1244069/voreia-korea-alloi-exi-thanatoi-apo-pureto-kai-shedon-270000-krousmata/	2022-05-17T02:07:35+03:00
191	"
Τέταρτη δόση του εμβολίου για τους ηλικιωμένους αρχίζει να χορηγεί και η Πορτογαλία  
"	https://www.protothema.gr/koronoios-live/article/1243946/portogalia-tetarti-dosi-tou-emvoliou-gia-tous-ano-ton-80-eton/	2022-05-16T18:08:00+03:00
192	"
Στα 3.066 τα νέα κρούσματα, 24 θάνατοι και 171 διασωληνωμένοι
"	https://www.protothema.gr/koronoios-live/article/1243881/koronoios-3066-krousmata-24-thanatoi-kai-171-diasolinomenoi/	2022-05-16T15:38:00+03:00
193	"
Η Σανγκάη επιδιώκει το τέλος του lockdown από την 1η Ιουνίου
"	https://www.protothema.gr/koronoios-live/article/1243817/kina-i-sangai-epidiokei-to-telos-tou-lockdown-apo-tin-1i-iouniou/	2022-05-16T13:31:12+03:00
194	"
Νέο τεστ ανιχνεύει τα αντισώματα κορωνοϊού στα ούρα και όχι στο αίμα
"	https://www.protothema.gr/koronoios-live/article/1243694/koronoios-neo-test-anihneuei-ta-adisomata-sta-oura-kai-ohi-sto-aima/	2022-05-16T09:49:00+03:00
195	"
Αυξάνονται οι νεκροί από κορωνοϊό στη Βόρεια Κορέα - «Με έλεγχο πυρετού υπολογίζουν τα κρούσματα»
"	https://www.protothema.gr/koronoios-live/article/1243595/voreia-korea-auxanodai-oi-nekroi-apo-koronoio-me-elegho-puretou-upologizoun-ta-krousmata/	2022-05-15T21:41:02+03:00
196	"
Ασφαλής η μεταμόσχευση νεφρών από ασθενείς με Covid-19 δείχνει νέα αμερικανική μελέτη
"	https://www.protothema.gr/koronoios-live/article/1243451/amerikaniki-meleti-koronoios-asfalis-i-metamosheusi-nefron-apo-dotes-pou-ehoun-nosisei/	2022-05-15T10:16:00+03:00
197	"
Βγαίνει από την «καραντίνα» η Σαγκάη, αίρουν σταδιακά τα μέτρα για τον κορωνοϊό
"	https://www.protothema.gr/koronoios-live/article/1243412/koronoios-sagai-airoun-stadiaka-ta-perioristika-metra/	2022-05-15T08:34:48+03:00
198	"
Ενότητα στη Βόρεια Κορέα ζητά ο Κιμ Γιονγκ Ουν ενώ τα κρούσματα αυξάνονται
"	https://www.protothema.gr/koronoios-live/article/1243382/voreia-korea-o-kim-giong-oun-zita-enotita-eno-ta-krousmata-koronoiou-auxanodai/	2022-05-14T21:39:00+03:00
199	"
Στα 4.324 τα νέα κρούσματα κορωνοϊού σήμερα, 15 θάνατοι, 173 διασωληνωμένοι  
"	https://www.protothema.gr/koronoios-live/article/1243306/koronoios-4324-nea-krousmata-simera-15-thanatoi-stous-173-oi-diasolinomenoi/	2022-05-14T15:39:00+03:00
200	"
Σε «πορτοκαλί» επίπεδα το ιικό φορτίο του κορωνοϊού στα λύματα της Θεσσαλονίκης
"	https://www.protothema.gr/koronoios-live/article/1243282/koronoios-thessaloniki-se-portokali-epipeda-to-iiko-fortio-ton-lumaton/	2022-05-14T13:37:00+03:00
201	"
Κορωνοϊός: 4.388 κρούσματα, 29 νεκροί και 178 διασωληνωμένοι
"	https://www.protothema.gr/koronoios-live/article/1242990/koronoios-4388-krousmata-29-nekroi-kai-178-diasolinomenoi/	2022-05-13T15:34:00+03:00
202	"
 Η Ελβετία ενέκρινε το εμβόλιο της Moderna για παιδιά ηλικίας 6-11 ετών
"	https://www.protothema.gr/koronoios-live/article/1242908/i-elvetia-enekrine-to-emvolio-tis-moderna-gia-paidia-ilikias-6-11-eton/	2022-05-13T12:30:00+03:00
203	"
Οι ασθενείς με κορωνοϊό που είχαν νοσηλευθεί με σοβαρή φλεγμονή κινδυνεύουν να πεθάνουν μέσα στον επόμενο χρόνο
"	https://www.protothema.gr/koronoios-live/article/1242793/koronoios-oi-astheneis-pou-eihan-nosileuthei-me-sovari-flegmoni-kinduneuoun-na-pethanoun-mesa-ston-epomeno-hrono/	2022-05-13T09:12:01+03:00
204	"
Πανικός στο Πεκίνο μετά τις φήμες για lockdown – Στα σούπερ μάρκετ σπεύδουν οι κάτοικοι
"	https://www.protothema.gr/koronoios-live/article/1242571/koronoios-panikos-sto-pekino-meta-tis-fimes-gia-lockdown-sta-souper-market-speudoun-oi-katoikoi/	2022-05-12T18:13:46+03:00
205	"
Στα 4.782 τα νέα κρούσματα στην Ελλάδα το τελευταίο 24ωρο - 18 νεκροί και 180 διασωληνωμένοι
"	https://www.protothema.gr/koronoios-live/article/1242579/koronoios-sta-4782-ta-nea-krousmata-stin-ellada-to-teleutaio-24oro-18-nekroi-kai-180-diasolinomenoi/	2022-05-12T16:49:00+03:00
206	"
Πάνω από 2 εκατομμύρια θάνατοι στην Ευρώπη λόγω κορωνοϊού, σύμφωνα με τον ΠΟΥ
"	https://www.protothema.gr/koronoios-live/article/1242540/koronoios-xeperase-ta-2-ekatommuria-o-arithmos-ton-thanaton-stin-europi-anakoinose-o-pou/	2022-05-12T15:16:00+03:00
207	"
Μετά τα 36 νέα κρούσματα, το Πεκίνο περιορίζει σημαντικά τα «μη απαραίτητα ταξίδια» εκτός Κίνας
"	https://www.protothema.gr/koronoios-live/article/1242518/koronoios-kina-meta-ta-36-nea-krousmata-periorizei-simadika-ta-mi-aparaitita-taxidia/	2022-05-12T14:10:00+03:00
208	"
Εντολή για αυστηρό lockdown στη Βόρεια Κορέα έδωσε ο Κιμ Γιονγκ Ουν μετά το ξέσπασμα της πανδημίας
"	https://www.protothema.gr/koronoios-live/article/1242485/voreia-korea-edoli-gia-austiro-lockdown-edose-o-kim-giong-oun-meta-to-xespasma-tis-pandimias/	2022-05-12T12:55:00+03:00
209	"
Οι μισοί άνθρωποι που νοσηλεύθηκαν με κορωνοϊό, έχουν τουλάχιστον ένα σύμπτωμα μετά από δύο χρόνια
"	https://www.protothema.gr/koronoios-live/article/1242340/koronoios-oi-misoi-anthropoi-pou-nosileuthikan-ehoun-toulahiston-ena-subtoma-meta-apo-duo-hronia/	2022-05-12T08:19:38+03:00
210	"
Στα 4.761 τα νέα κρούσματα κορωνοϊού - 26 θάνατοι και 185 οι διασωληνωμένοι
"	https://www.protothema.gr/koronoios-live/article/1242121/koronoios-sta-4761-ta-nea-krousmata-26-thanatoi-kai-185-oi-diasolinomenoi/	2022-05-11T16:21:00+03:00
211	"
Πτώση 34% στο ιικό φορτίο της Αττικής - Εκρηκτική άνοδος σε Άγιο Νικόλαο και Ηράκλειο
"	https://www.protothema.gr/koronoios-live/article/1241687/koronoios-ptosi-34-sto-iiko-fortio-tis-attikis-ekriktiki-anodos-se-agio-nikolao-kai-irakleio/	2022-05-10T16:49:29+03:00
212	"
Μειωμένος κατά 15% ο κίνδυνος θνησιγένειας στις εγκύους που έχουν κάνει εμβόλια για τον κορωνοϊό
"	https://www.protothema.gr/koronoios-live/article/1241569/koronoios-meiomenos-kata-15-o-kindunos-thnisigeneias-stis-eguous-pou-ehoun-kanei-emvolia/	2022-05-10T12:31:58+03:00
213	"
Έρευνα επιβεβαιώνει ότι η τέταρτη δόση βελτιώνει την ανοσιακή προστασία σε σχέση με την τρίτη
"	https://www.protothema.gr/koronoios-live/article/1241491/ereuna-emvolia-i-tetarti-dosi-veltionei-tin-anosiaki-prostasia-se-shesi-me-tin-triti/	2022-05-10T10:05:00+03:00
214	"
Στην Ουάσιγκτον, καμπάνες ηχούν πένθιμα 1.000 φορές για τους 1 εκατομμύριο νεκρούς της πανδημίας - Δείτε βίντεο
"	https://www.protothema.gr/koronoios-live/article/1241407/ipa-stin-ouasington-kabanes-ihoun-penthima-1000-fores-gia-tous-1-ekatommurio-nekrous-tis-pandimias/	2022-05-10T03:59:32+03:00
215	"
Για πρώτη φορά ύστερα από μήνες οι διασωληνωμένοι με κορωνοϊό έπεσαν κάτω από τους 200
"	https://www.protothema.gr/koronoios-live/article/1241283/koronoios-gia-proti-fora-ustera-apo-mines-oi-diasolinomenoi-epesan-kato-apo-tous-200/	2022-05-09T18:24:00+03:00
216	"
«Καλοκαίρι χωρίς περιορισμούς» αν το επιστρέψουν οι συνθήκες, προαναγγέλλει ο Ιταλός υφυπουργός Υγείας
"	https://www.protothema.gr/koronoios-live/article/1241254/koronoios-italia-kalokairi-horis-periorismous-an-to-epistrepsoun-oi-sunthikes-proanaggellei-o-ufupourgos-ugeias/	2022-05-09T17:14:48+03:00
217	"
BioNTech: «Χρυσές δουλειές» λόγω Όμικρον, κλινικές δοκιμές σε mRNA θεραπείες για καρκίνους
"	https://www.protothema.gr/koronoios-live/article/1241213/biontech-hruses-douleies-logo-omikron-klinikes-dokimes-se-mrna-therapeies-gia-karkinous/	2022-05-09T15:46:45+03:00
218	"
Κορωνοϊός: 2.819 κρούσματα, 22 θάνατοι και 198 διασωληνωμένοι
"	https://www.protothema.gr/koronoios-live/article/1241210/koronoios-2819-krousmata-22-thanatoi-kai-198-diasolinomenoi/	2022-05-09T15:33:00+03:00
219	"
Τι ξέρουμε για τις νέες υποπαραλλαγές της Omicron που μπορεί να φέρουν νέο κύμα μολύνσεων κορωνοϊού
"	https://www.protothema.gr/koronoios-live/article/1241049/koronoios-ti-xeroume-gia-tis-nees-upoparallages-tis-omicron-pou-borei-na-feroun-neo-kuma-molunseon/	2022-05-09T09:31:32+03:00
220	"
Σε σταθερό επίπεδο το ιικό φορτίο των λυμάτων στη Θεσσαλονίκη
"	https://www.protothema.gr/koronoios-live/article/1240671/koronoios-thessaloniki-se-stathero-epipedo-to-iiko-fortio-ton-lumaton/	2022-05-07T17:12:32+03:00
221	"
Αυξημένη μεταδοτικότητα του κορωνοϊού από Οκτώβριο-Νοέμβριο «βλέπει» ο Μαγιορκίνης
"	https://www.protothema.gr/koronoios-live/article/1240601/koronoios-magiorkinis-vlepei-auximeni-metadotikotita-tou-iou-apo-oktovrio-noemvrio/	2022-05-07T12:57:45+03:00
222	"
Η παχυσαρκία μπορεί να επηρεάζει την αποτελεσματικότητα των εμβολίων COVID-19
"	https://www.protothema.gr/koronoios-live/article/1240557/i-pahusarkia-borei-na-epireazei-tin-apotelesmatikotita-ton-emvolion-covid-19/	2022-05-07T10:21:00+03:00
223	"
Μαγιορκίνης: Τον Ιούνιο πιθανόν να πέσουν οι μάσκες
"	https://www.protothema.gr/koronoios-live/article/1240242/magiorkinis-ton-iounio-pithanon-na-pesoun-oi-maskes/	2022-05-06T11:34:00+03:00
224	"
Δύο στα τρία παιδιά έως τεσσάρων ετών στις ΗΠΑ έχουν μολυνθεί από κορωνοϊό λόγω της Όμικρον
"	https://www.protothema.gr/koronoios-live/article/1240162/koronoios-duo-sta-tria-paidia-eos-tessaron-eton-stis-ipa-ehoun-molunthei-logo-tis-omikron/	2022-05-06T08:30:14+03:00
225	"
Ο ΕΜΑ θα εγκρίνει εμβόλια για τις παραλλαγές της Covid έως το φθινόπωρο
"	https://www.protothema.gr/koronoios-live/article/1240043/o-ema-tha-egrinei-emvolia-gia-tis-parallages-tis-covid-eos-to-fthinoporo/	2022-05-05T19:53:00+03:00
226	"
Αίτημα της Moderna στον ΕΜΑ για τη χορήγηση του εμβολίου σε παιδιά από έξι μηνών
"	https://www.protothema.gr/koronoios-live/article/1240004/aitima-tis-moderna-ston-ema-gia-ti-horigisi-tou-emvoliou-se-paidia-apo-exi-minon/	2022-05-05T18:28:49+03:00
227	"
Στα 5.191 τα νέα κρούσματα, 30 θάνατοι και 224 διασωληνωμένοι σήμερα
"	https://www.protothema.gr/koronoios-live/article/1239922/koronoios-5191-krousmata-30-thanatoi-kai-224-diasolinomenoi-simera/	2022-05-05T15:31:00+03:00
228	"
Η Omicron είναι ενδογενώς εξίσου σοβαρή με προηγούμενες παραλλαγές, υποστηρίζουν ερευνητές
"	https://www.protothema.gr/koronoios-live/article/1239835/i-omicron-einai-endogenos-exisou-sovari-me-proigoumenes-parallages-tou-koronoiou-upostirizoun-ereunites/	2022-05-05T11:52:00+03:00
229	"
Έπεσαν κάτω από τους μισούς οι ασθενείς που νοσηλεύονται με κορωνοϊό
"	https://www.protothema.gr/koronoios-live/article/1239723/koronoios-adeiazoun-oi-klines-covid-upohoroun-sunehos-oi-eisagoges-asthenon/	2022-05-05T06:40:00+03:00
230	"
ΠΟΥ: Δύο νέες υποπαραλλαγές της Όμικρον πίσω από την έκρηξη κρουσμάτων στη Νότια Αφρική
"	https://www.protothema.gr/koronoios-live/article/1239676/pou-duo-nees-upoparallages-tis-omikron-piso-apo-tin-ekrixi-krousmaton-sti-notia-afriki/	2022-05-04T22:18:00+03:00
231	"
Αυξήθηκαν 17,2% τα κρούσματα κορωνοϊού σε Κεντρική και Βόρεια Αμερική την τελευταία εβδομάδα
"	https://www.protothema.gr/koronoios-live/article/1239617/koronoios-auxithikan-172-ta-krousmata-se-kedriki-kai-voreia-ameriki-tin-teleutaia-evdomada/	2022-05-04T18:59:00+03:00
232	"
Συμφωνία της Ελλάδας για κατ' αρχήν προμήθεια 2.000 συσκευασιών του κοκτέιλ αντισωμάτων της AstraZeneca
"	https://www.protothema.gr/koronoios-live/article/1239611/koronoios-upourgeio-ugeias-sumfonia-gia-kat-arhin-promitheia-2000-suskeuasion-tou-kokteil-adisomaton-tis-astrazeneca/	2022-05-04T18:39:00+03:00
233	"
Τι προβλέπει η νέα ΚΥΑ για τα rapid test των ανεμβολίαστων στον ιδιωτικό τομέα
"	https://www.protothema.gr/koronoios-live/article/1239591/koronoios-ti-provlepei-i-nea-kua-gia-ta-rapid-test-ton-anemvoliaston-ston-idiotiko-tomea/	2022-05-04T18:01:00+03:00
234	"
Το 12% στο σύνολο των κρουσμάτων covid-19 την τελευταία εβδομάδα είναι ηλικίας 4-18 ετών	
"	https://www.protothema.gr/koronoios-live/article/1239536/to-12-sto-sunolo-ton-krousmaton-covid-19-tin-teleutaia-evdomada-einai-ilikias-4-18-eton/	2022-05-04T15:57:00+03:00
235	"
 Η τρίτη δόση εμβολίου μετά από μόλυνση με κορωνοϊό αυξάνει ελάχιστα την προστασία έναντι της Omicron
"	https://www.protothema.gr/koronoios-live/article/1239376/koronoios-i-triti-dosi-emvoliou-meta-apo-molunsi-auxanei-elahista-tin-prostasia-enadi-tis-omicron/	2022-05-04T09:53:00+03:00
236	"
 Η νόσηση με κορωνοϊό μπορεί να επιδεινώσει το παιδικό άσθμα
"	https://www.protothema.gr/koronoios-live/article/1239339/koronoios-i-nosisi-borei-na-epideinosei-to-paidiko-asthma-sumfona-me-amerikaniki-meleti/	2022-05-04T08:50:00+03:00
237	"
Σε σοβαρή κατάσταση με κορωνοϊό 20χρονη με αναπηρία στο νοσοκομείο Βόλου
"	https://www.protothema.gr/koronoios-live/article/1239326/koronoios-se-sovari-katastasi-20hroni-me-anapiria-sto-nosokomeio-volou/	2022-05-04T07:58:00+03:00
238	"
Έρευνα του Cambridge: Ο κορωνοϊός γερνά τον εγκέφαλο όσων νόσησαν βαριά μέχρι και 20 χρόνια
"	https://www.protothema.gr/koronoios-live/article/1239248/ereuna-tou-cambridge-o-koronoios-gerna-ton-egefalo-oson-nosisan-varia-mehri-kai-20-hronia/	2022-05-03T21:35:00+03:00
239	"
Εκτός εαυτού ο Νίκος Ευαγγελάτος στον αέρα της εμπομπής του για την κακοποίηση της γάτας: «Οι μάγκες της φακής»
"	https://www.protothema.gr/koronoios-live/article/1239177/kakopoiisi-gatas-stin-aidipso-ektos-eautou-o-nikos-euaggelatos-ston-aera-tis-ebobis-oi-mages-tis-fakis/	2022-05-03T18:48:00+03:00
